id,url
1,https://www.amazon.de/dp/1015
2,https://www.amazon.fr/dp/1015
3,https://www.amazon.de/dp/000004458X
4,https://www.amazon.fr/dp/000004458X
5,https://www.amazon.de/dp/1002198
6,https://www.amazon.fr/dp/1002198
7,https://www.amazon.fr/dp/1002791
8,https://www.amazon.it/dp/1002791
9,https://www.amazon.de/dp/1002864
10,https://www.amazon.fr/dp/1002864
11,https://www.amazon.de/dp/1003704
12,https://www.amazon.fr/dp/1003704
13,https://www.amazon.de/dp/1003763
14,https://www.amazon.fr/dp/1003763
15,https://www.amazon.fr/dp/1004271
16,https://www.amazon.it/dp/1004271
17,https://www.amazon.de/dp/000101742X
18,https://www.amazon.fr/dp/000101742X
19,https://www.amazon.de/dp/1017519
20,https://www.amazon.fr/dp/1017519
21,https://www.amazon.de/dp/000102163X
22,https://www.amazon.fr/dp/000102163X
23,https://www.amazon.fr/dp/1022369
24,https://www.amazon.it/dp/1022369
25,https://www.amazon.fr/dp/1022857
26,https://www.amazon.it/dp/1022857
27,https://www.amazon.de/dp/1032666
28,https://www.amazon.fr/dp/1032666
29,https://www.amazon.de/dp/1034677
30,https://www.amazon.fr/dp/1034677
31,https://www.amazon.de/dp/1034936
32,https://www.amazon.fr/dp/1034936
33,https://www.amazon.de/dp/1034944
34,https://www.amazon.fr/dp/1034944
35,https://www.amazon.de/dp/1035002
36,https://www.amazon.fr/dp/1035002
37,https://www.amazon.de/dp/1035029
38,https://www.amazon.fr/dp/1035029
39,https://www.amazon.de/dp/1035053
40,https://www.amazon.es/dp/1035053
41,https://www.amazon.fr/dp/1035053
42,https://www.amazon.de/dp/1035339
43,https://www.amazon.fr/dp/1035339
44,https://www.amazon.de/dp/1036866
45,https://www.amazon.es/dp/1036866
46,https://www.amazon.fr/dp/1036866
47,https://www.amazon.de/dp/1037137
48,https://www.amazon.fr/dp/1037137
49,https://www.amazon.de/dp/1037188
50,https://www.amazon.fr/dp/1037188
51,https://www.amazon.de/dp/1037994
52,https://www.amazon.fr/dp/1037994
53,https://www.amazon.de/dp/000103863X
54,https://www.amazon.fr/dp/000103863X
55,https://www.amazon.de/dp/1039466
56,https://www.amazon.fr/dp/1039466
57,https://www.amazon.fr/dp/1040871
58,https://www.amazon.it/dp/1040871
59,https://www.amazon.de/dp/1040979
60,https://www.amazon.fr/dp/1040979
61,https://www.amazon.de/dp/1040987
62,https://www.amazon.fr/dp/1040987
63,https://www.amazon.de/dp/1041002
64,https://www.amazon.fr/dp/1041002
65,https://www.amazon.de/dp/1041991
66,https://www.amazon.fr/dp/1041991
67,https://www.amazon.de/dp/000104317X
68,https://www.amazon.fr/dp/000104317X
69,https://www.amazon.de/dp/1043331
70,https://www.amazon.fr/dp/1043331
71,https://www.amazon.de/dp/000104348X
72,https://www.amazon.fr/dp/000104348X
73,https://www.amazon.de/dp/1043498
74,https://www.amazon.fr/dp/1043498
75,https://www.amazon.de/dp/1043773
76,https://www.amazon.fr/dp/1043773
77,https://www.amazon.de/dp/000104396X
78,https://www.amazon.fr/dp/000104396X
79,https://www.amazon.de/dp/1048325
80,https://www.amazon.fr/dp/1048325
81,https://www.amazon.de/dp/1049119
82,https://www.amazon.fr/dp/1049119
83,https://www.amazon.de/dp/1057774
84,https://www.amazon.fr/dp/1057774
85,https://www.amazon.de/dp/1057790
86,https://www.amazon.es/dp/1057790
87,https://www.amazon.fr/dp/1057790
88,https://www.amazon.de/dp/1057812
89,https://www.amazon.es/dp/1057812
90,https://www.amazon.fr/dp/1057812
91,https://www.amazon.de/dp/1057987
92,https://www.amazon.fr/dp/1057987
93,https://www.amazon.de/dp/1059238
94,https://www.amazon.fr/dp/1059238
95,https://www.amazon.de/dp/1060619
96,https://www.amazon.fr/dp/1060619
97,https://www.amazon.de/dp/1060694
98,https://www.amazon.es/dp/1060694
99,https://www.amazon.fr/dp/1060694
100,https://www.amazon.de/dp/1061305
101,https://www.amazon.fr/dp/1061305
102,https://www.amazon.de/dp/1063685
103,https://www.amazon.fr/dp/1063685
104,https://www.amazon.de/dp/1065440
105,https://www.amazon.fr/dp/1065440
106,https://www.amazon.de/dp/1065548
107,https://www.amazon.fr/dp/1065548
108,https://www.amazon.de/dp/1066544
109,https://www.amazon.fr/dp/1066544
110,https://www.amazon.de/dp/1067087
111,https://www.amazon.fr/dp/1067087
112,https://www.amazon.de/dp/1067311
113,https://www.amazon.fr/dp/1067311
114,https://www.amazon.es/dp/000106875X
115,https://www.amazon.fr/dp/000106875X
116,https://www.amazon.it/dp/000106875X
117,https://www.amazon.de/dp/1069470
118,https://www.amazon.fr/dp/1069470
119,https://www.amazon.de/dp/1070991
120,https://www.amazon.fr/dp/1070991
121,https://www.amazon.de/dp/000107119X
122,https://www.amazon.fr/dp/000107119X
123,https://www.amazon.de/dp/1072064
124,https://www.amazon.de/dp/1072226
125,https://www.amazon.fr/dp/1072226
126,https://www.amazon.de/dp/1072250
127,https://www.amazon.fr/dp/1072250
128,https://www.amazon.de/dp/1072498
129,https://www.amazon.fr/dp/1072498
130,https://www.amazon.de/dp/1073389
131,https://www.amazon.fr/dp/1073389
132,https://www.amazon.de/dp/1073915
133,https://www.amazon.fr/dp/1073915
134,https://www.amazon.de/dp/1074504
135,https://www.amazon.fr/dp/1074504
136,https://www.amazon.de/dp/1074954
137,https://www.amazon.fr/dp/1074954
138,https://www.amazon.de/dp/1075691
139,https://www.amazon.fr/dp/1075691
140,https://www.amazon.de/dp/1075969
141,https://www.amazon.fr/dp/1075969
142,https://www.amazon.de/dp/1075977
143,https://www.amazon.fr/dp/1075977
144,https://www.amazon.de/dp/1077619
145,https://www.amazon.fr/dp/1077619
146,https://www.amazon.de/dp/1077732
147,https://www.amazon.fr/dp/1077732
148,https://www.amazon.de/dp/1077988
149,https://www.amazon.fr/dp/1077988
150,https://www.amazon.de/dp/1078550
151,https://www.amazon.fr/dp/1078550
152,https://www.amazon.de/dp/1079131
153,https://www.amazon.fr/dp/1079131
154,https://www.amazon.de/dp/1079875
155,https://www.amazon.fr/dp/1079875
156,https://www.amazon.de/dp/1080245
157,https://www.amazon.fr/dp/1080245
158,https://www.amazon.de/dp/1080350
159,https://www.amazon.fr/dp/1080350
160,https://www.amazon.fr/dp/1080601
161,https://www.amazon.it/dp/1080601
162,https://www.amazon.de/dp/1080814
163,https://www.amazon.fr/dp/1080814
164,https://www.amazon.fr/dp/1081373
165,https://www.amazon.it/dp/1081373
166,https://www.amazon.de/dp/000108142X
167,https://www.amazon.es/dp/000108142X
168,https://www.amazon.fr/dp/000108142X
169,https://www.amazon.de/dp/1081470
170,https://www.amazon.fr/dp/1081470
171,https://www.amazon.de/dp/000108173X
172,https://www.amazon.fr/dp/000108173X
173,https://www.amazon.fr/dp/000108299X
174,https://www.amazon.it/dp/000108299X
175,https://www.amazon.de/dp/1083309
176,https://www.amazon.fr/dp/1083309
177,https://www.amazon.de/dp/1083414
178,https://www.amazon.fr/dp/1083414
179,https://www.amazon.de/dp/1083902
180,https://www.amazon.fr/dp/1083902
181,https://www.amazon.de/dp/1084615
182,https://www.amazon.fr/dp/1084615
183,https://www.amazon.de/dp/1084704
184,https://www.amazon.fr/dp/1084704
185,https://www.amazon.de/dp/1085190
186,https://www.amazon.fr/dp/1085190
187,https://www.amazon.fr/dp/1085549
188,https://www.amazon.it/dp/1085549
189,https://www.amazon.de/dp/1085727
190,https://www.amazon.fr/dp/1085727
191,https://www.amazon.fr/dp/1085840
192,https://www.amazon.it/dp/1085840
193,https://www.amazon.fr/dp/1086413
194,https://www.amazon.it/dp/1086413
195,https://www.amazon.de/dp/1086553
196,https://www.amazon.fr/dp/1086553
197,https://www.amazon.fr/dp/000108657X
198,https://www.amazon.it/dp/000108657X
199,https://www.amazon.de/dp/000108660X
200,https://www.amazon.fr/dp/000108660X
201,https://www.amazon.de/dp/000108688X
202,https://www.amazon.fr/dp/000108688X
203,https://www.amazon.de/dp/1087061
204,https://www.amazon.fr/dp/1087061
205,https://www.amazon.de/dp/1087126
206,https://www.amazon.fr/dp/1087126
207,https://www.amazon.fr/dp/1087177
208,https://www.amazon.it/dp/1087177
209,https://www.amazon.de/dp/1087320
210,https://www.amazon.fr/dp/1087320
211,https://www.amazon.de/dp/1087495
212,https://www.amazon.fr/dp/1087495
213,https://www.amazon.de/dp/1088114
214,https://www.amazon.fr/dp/1088114
215,https://www.amazon.de/dp/1088335
216,https://www.amazon.fr/dp/1088335
217,https://www.amazon.fr/dp/1088351
218,https://www.amazon.it/dp/1088351
219,https://www.amazon.de/dp/000108898X
220,https://www.amazon.fr/dp/000108898X
221,https://www.amazon.fr/dp/1089013
222,https://www.amazon.it/dp/1089013
223,https://www.amazon.de/dp/000108917X
224,https://www.amazon.fr/dp/000108917X
225,https://www.amazon.de/dp/1089951
226,https://www.amazon.fr/dp/1089951
227,https://www.amazon.de/dp/1090224
228,https://www.amazon.fr/dp/1090224
229,https://www.amazon.de/dp/1090283
230,https://www.amazon.fr/dp/1090283
231,https://www.amazon.de/dp/1090941
232,https://www.amazon.fr/dp/1090941
233,https://www.amazon.de/dp/1091182
234,https://www.amazon.fr/dp/1091182
235,https://www.amazon.de/dp/1091425
236,https://www.amazon.fr/dp/1091425
237,https://www.amazon.de/dp/1091662
238,https://www.amazon.fr/dp/1091662
239,https://www.amazon.de/dp/1091832
240,https://www.amazon.fr/dp/1091832
241,https://www.amazon.de/dp/1092006
242,https://www.amazon.fr/dp/1092006
243,https://www.amazon.de/dp/1092014
244,https://www.amazon.fr/dp/1092014
245,https://www.amazon.de/dp/1092049
246,https://www.amazon.fr/dp/1092049
247,https://www.amazon.de/dp/000109212X
248,https://www.amazon.fr/dp/000109212X
249,https://www.amazon.de/dp/1092138
250,https://www.amazon.fr/dp/1092138
251,https://www.amazon.de/dp/1092227
252,https://www.amazon.fr/dp/1092227
253,https://www.amazon.de/dp/1092286
254,https://www.amazon.fr/dp/1092286
255,https://www.amazon.de/dp/000109257X
256,https://www.amazon.fr/dp/000109257X
257,https://www.amazon.de/dp/1093002
258,https://www.amazon.fr/dp/1093002
259,https://www.amazon.de/dp/1093134
260,https://www.amazon.fr/dp/1093134
261,https://www.amazon.de/dp/1093800
262,https://www.amazon.fr/dp/1093800
263,https://www.amazon.de/dp/000109453X
264,https://www.amazon.fr/dp/000109453X
265,https://www.amazon.de/dp/1094556
266,https://www.amazon.fr/dp/1094556
267,https://www.amazon.de/dp/1094580
268,https://www.amazon.fr/dp/1094580
269,https://www.amazon.de/dp/1095072
270,https://www.amazon.fr/dp/1095072
271,https://www.amazon.de/dp/1095293
272,https://www.amazon.fr/dp/1095293
273,https://www.amazon.de/dp/1095579
274,https://www.amazon.fr/dp/1095579
275,https://www.amazon.de/dp/1095951
276,https://www.amazon.fr/dp/1095951
277,https://www.amazon.fr/dp/1096168
278,https://www.amazon.it/dp/1096168
279,https://www.amazon.de/dp/1096303
280,https://www.amazon.fr/dp/1096303
281,https://www.amazon.de/dp/1096478
282,https://www.amazon.fr/dp/1096478
283,https://www.amazon.de/dp/1097784
284,https://www.amazon.fr/dp/1097784
285,https://www.amazon.de/dp/000109825X
286,https://www.amazon.fr/dp/000109825X
287,https://www.amazon.de/dp/1098284
288,https://www.amazon.fr/dp/1098284
289,https://www.amazon.de/dp/1098691
290,https://www.amazon.fr/dp/1098691
291,https://www.amazon.fr/dp/1099183
292,https://www.amazon.it/dp/1099183
293,https://www.amazon.de/dp/1099515
294,https://www.amazon.fr/dp/1099515
295,https://www.amazon.fr/dp/1100505
296,https://www.amazon.it/dp/1100505
297,https://www.amazon.de/dp/1100726
298,https://www.amazon.fr/dp/1100726
299,https://www.amazon.de/dp/1100742
300,https://www.amazon.fr/dp/1100742
301,https://www.amazon.de/dp/1100777
302,https://www.amazon.fr/dp/1100777
303,https://www.amazon.de/dp/1102249
304,https://www.amazon.fr/dp/1102249
305,https://www.amazon.de/dp/1103148
306,https://www.amazon.fr/dp/1103148
307,https://www.amazon.de/dp/1103369
308,https://www.amazon.fr/dp/1103369
309,https://www.amazon.de/dp/1106538
310,https://www.amazon.fr/dp/1106538
311,https://www.amazon.de/dp/1106597
312,https://www.amazon.fr/dp/1106597
313,https://www.amazon.de/dp/1106740
314,https://www.amazon.fr/dp/1106740
315,https://www.amazon.de/dp/1106775
316,https://www.amazon.fr/dp/1106775
317,https://www.amazon.de/dp/1106929
318,https://www.amazon.fr/dp/1106929
319,https://www.amazon.de/dp/1106996
320,https://www.amazon.fr/dp/1106996
321,https://www.amazon.de/dp/1107046
322,https://www.amazon.fr/dp/1107046
323,https://www.amazon.de/dp/1107178
324,https://www.amazon.fr/dp/1107178
325,https://www.amazon.de/dp/1107267
326,https://www.amazon.fr/dp/1107267
327,https://www.amazon.de/dp/000110733X
328,https://www.amazon.fr/dp/000110733X
329,https://www.amazon.de/dp/1109596
330,https://www.amazon.fr/dp/1109596
331,https://www.amazon.de/dp/1109634
332,https://www.amazon.fr/dp/1109634
333,https://www.amazon.de/dp/1109693
334,https://www.amazon.fr/dp/1109693
335,https://www.amazon.de/dp/1109723
336,https://www.amazon.es/dp/1109723
337,https://www.amazon.fr/dp/1109723
338,https://www.amazon.fr/dp/1112031
339,https://www.amazon.it/dp/1112031
340,https://www.amazon.de/dp/000111252X
341,https://www.amazon.fr/dp/000111252X
342,https://www.amazon.de/dp/1113623
343,https://www.amazon.fr/dp/1113623
344,https://www.amazon.de/dp/1113844
345,https://www.amazon.fr/dp/1113844
346,https://www.amazon.de/dp/1115626
347,https://www.amazon.fr/dp/1115626
348,https://www.amazon.de/dp/1115707
349,https://www.amazon.fr/dp/1115707
350,https://www.amazon.de/dp/1117823
351,https://www.amazon.fr/dp/1117823
352,https://www.amazon.de/dp/1120409
353,https://www.amazon.fr/dp/1120409
354,https://www.amazon.de/dp/1120972
355,https://www.amazon.fr/dp/1120972
356,https://www.amazon.de/dp/1121790
357,https://www.amazon.fr/dp/1121790
358,https://www.amazon.de/dp/1123335
359,https://www.amazon.fr/dp/1123335
360,https://www.amazon.de/dp/1123734
361,https://www.amazon.fr/dp/1123734
362,https://www.amazon.de/dp/1126334
363,https://www.amazon.fr/dp/1126334
364,https://www.amazon.de/dp/1126350
365,https://www.amazon.fr/dp/1126350
366,https://www.amazon.de/dp/1128876
367,https://www.amazon.fr/dp/1128876
368,https://www.amazon.de/dp/1130072
369,https://www.amazon.fr/dp/1130072
370,https://www.amazon.de/dp/1130951
371,https://www.amazon.fr/dp/1130951
372,https://www.amazon.de/dp/1131273
373,https://www.amazon.fr/dp/1131273
374,https://www.amazon.de/dp/1131427
375,https://www.amazon.fr/dp/1131427
376,https://www.amazon.de/dp/1132814
377,https://www.amazon.fr/dp/1132814
378,https://www.amazon.de/dp/1133705
379,https://www.amazon.fr/dp/1133705
380,https://www.amazon.de/dp/1137727
381,https://www.amazon.fr/dp/1137727
382,https://www.amazon.de/dp/1137999
383,https://www.amazon.fr/dp/1137999
384,https://www.amazon.de/dp/1138235
385,https://www.amazon.fr/dp/1138235
386,https://www.amazon.de/dp/1139371
387,https://www.amazon.fr/dp/1139371
388,https://www.amazon.de/dp/1139398
389,https://www.amazon.fr/dp/1139398
390,https://www.amazon.fr/dp/1140795
391,https://www.amazon.it/dp/1140795
392,https://www.amazon.de/dp/1141341
393,https://www.amazon.es/dp/1141341
394,https://www.amazon.fr/dp/1141341
395,https://www.amazon.de/dp/1144553
396,https://www.amazon.fr/dp/1144553
397,https://www.amazon.de/dp/1144634
398,https://www.amazon.fr/dp/1144634
399,https://www.amazon.de/dp/1144685
400,https://www.amazon.fr/dp/1144685
401,https://www.amazon.de/dp/1145452
402,https://www.amazon.fr/dp/1145452
403,https://www.amazon.de/dp/1147102
404,https://www.amazon.fr/dp/1147102
405,https://www.amazon.de/dp/1148516
406,https://www.amazon.fr/dp/1148516
407,https://www.amazon.de/dp/1149458
408,https://www.amazon.fr/dp/1149458
409,https://www.amazon.de/dp/1150251
410,https://www.amazon.fr/dp/1150251
411,https://www.amazon.de/dp/1150456
412,https://www.amazon.fr/dp/1150456
413,https://www.amazon.fr/dp/1151827
414,https://www.amazon.it/dp/1151827
415,https://www.amazon.de/dp/1152661
416,https://www.amazon.fr/dp/1152661
417,https://www.amazon.de/dp/1153226
418,https://www.amazon.fr/dp/1153226
419,https://www.amazon.de/dp/1153234
420,https://www.amazon.fr/dp/1153234
421,https://www.amazon.de/dp/1154036
422,https://www.amazon.fr/dp/1154036
423,https://www.amazon.de/dp/000115687X
424,https://www.amazon.fr/dp/000115687X
425,https://www.amazon.de/dp/1157078
426,https://www.amazon.fr/dp/1157078
427,https://www.amazon.fr/dp/1157981
428,https://www.amazon.it/dp/1157981
429,https://www.amazon.de/dp/1168061
430,https://www.amazon.fr/dp/1168061
431,https://www.amazon.de/dp/1168266
432,https://www.amazon.fr/dp/1168266
433,https://www.amazon.de/dp/1170481
434,https://www.amazon.fr/dp/1170481
435,https://www.amazon.de/dp/1171135
436,https://www.amazon.fr/dp/1171135
437,https://www.amazon.de/dp/1171550
438,https://www.amazon.fr/dp/1171550
439,https://www.amazon.de/dp/1172093
440,https://www.amazon.fr/dp/1172093
441,https://www.amazon.de/dp/1172484
442,https://www.amazon.fr/dp/1172484
443,https://www.amazon.de/dp/1177737
444,https://www.amazon.fr/dp/1177737
445,https://www.amazon.de/dp/1178490
446,https://www.amazon.fr/dp/1178490
447,https://www.amazon.de/dp/1189662
448,https://www.amazon.fr/dp/1189662
449,https://www.amazon.de/dp/1190903
450,https://www.amazon.fr/dp/1190903
451,https://www.amazon.de/dp/1193287
452,https://www.amazon.fr/dp/1193287
453,https://www.amazon.de/dp/1195883
454,https://www.amazon.fr/dp/1195883
455,https://www.amazon.de/dp/1199013
456,https://www.amazon.fr/dp/1199013
457,https://www.amazon.de/dp/1200534
458,https://www.amazon.fr/dp/1200534
459,https://www.amazon.de/dp/1201344
460,https://www.amazon.fr/dp/1201344
461,https://www.amazon.de/dp/1202405
462,https://www.amazon.fr/dp/1202405
463,https://www.amazon.de/dp/1203231
464,https://www.amazon.fr/dp/1203231
465,https://www.amazon.de/dp/2000970
466,https://www.amazon.fr/dp/2000970
467,https://www.amazon.de/dp/4130251
468,https://www.amazon.fr/dp/4130251
469,https://www.amazon.de/dp/4132505
470,https://www.amazon.fr/dp/4132505
471,https://www.amazon.de/dp/4160177
472,https://www.amazon.fr/dp/4160177
473,https://www.amazon.de/dp/4160266
474,https://www.amazon.fr/dp/4160266
475,https://www.amazon.de/dp/4160398
476,https://www.amazon.fr/dp/4160398
477,https://www.amazon.de/dp/4160401
478,https://www.amazon.fr/dp/4160401
479,https://www.amazon.de/dp/000416041X
480,https://www.amazon.fr/dp/000416041X
481,https://www.amazon.de/dp/4160592
482,https://www.amazon.fr/dp/4160592
483,https://www.amazon.de/dp/4160665
484,https://www.amazon.fr/dp/4160665
485,https://www.amazon.de/dp/4160673
486,https://www.amazon.fr/dp/4160673
487,https://www.amazon.de/dp/4160800
488,https://www.amazon.fr/dp/4160800
489,https://www.amazon.de/dp/4160886
490,https://www.amazon.fr/dp/4160886
491,https://www.amazon.de/dp/4161041
492,https://www.amazon.fr/dp/4161041
493,https://www.amazon.de/dp/000416105X
494,https://www.amazon.fr/dp/000416105X
495,https://www.amazon.de/dp/4161114
496,https://www.amazon.fr/dp/4161114
497,https://www.amazon.de/dp/4161130
498,https://www.amazon.fr/dp/4161130
499,https://www.amazon.de/dp/4161149
500,https://www.amazon.fr/dp/4161149
501,https://www.amazon.de/dp/4161262
502,https://www.amazon.fr/dp/4161262
503,https://www.amazon.de/dp/4161475
504,https://www.amazon.fr/dp/4161475
505,https://www.amazon.de/dp/4161858
506,https://www.amazon.fr/dp/4161858
507,https://www.amazon.de/dp/4161939
508,https://www.amazon.fr/dp/4161939
509,https://www.amazon.de/dp/4161955
510,https://www.amazon.fr/dp/4161955
511,https://www.amazon.fr/dp/000416198X
512,https://www.amazon.it/dp/000416198X
513,https://www.amazon.de/dp/4162064
514,https://www.amazon.fr/dp/4162064
515,https://www.amazon.de/dp/4162072
516,https://www.amazon.fr/dp/4162072
517,https://www.amazon.de/dp/4162188
518,https://www.amazon.fr/dp/4162188
519,https://www.amazon.de/dp/4162358
520,https://www.amazon.fr/dp/4162358
521,https://www.amazon.de/dp/4162552
522,https://www.amazon.fr/dp/4162552
523,https://www.amazon.de/dp/4162811
524,https://www.amazon.fr/dp/4162811
525,https://www.amazon.de/dp/4162838
526,https://www.amazon.fr/dp/4162838
527,https://www.amazon.de/dp/4162854
528,https://www.amazon.fr/dp/4162854
529,https://www.amazon.de/dp/4163230
530,https://www.amazon.fr/dp/4163230
531,https://www.amazon.de/dp/4163524
532,https://www.amazon.fr/dp/4163524
533,https://www.amazon.de/dp/4163583
534,https://www.amazon.fr/dp/4163583
535,https://www.amazon.it/dp/4163583
536,https://www.amazon.de/dp/4163621
537,https://www.amazon.fr/dp/4163621
538,https://www.amazon.de/dp/4163737
539,https://www.amazon.fr/dp/4163737
540,https://www.amazon.de/dp/4163788
541,https://www.amazon.fr/dp/4163788
542,https://www.amazon.fr/dp/4163923
543,https://www.amazon.it/dp/4163923
544,https://www.amazon.de/dp/4164016
545,https://www.amazon.fr/dp/4164016
546,https://www.amazon.de/dp/000416413X
547,https://www.amazon.fr/dp/000416413X
548,https://www.amazon.de/dp/000416444X
549,https://www.amazon.fr/dp/000416444X
550,https://www.amazon.de/dp/4164474
551,https://www.amazon.fr/dp/4164474
552,https://www.amazon.de/dp/4164482
553,https://www.amazon.fr/dp/4164482
554,https://www.amazon.de/dp/4164598
555,https://www.amazon.fr/dp/4164598
556,https://www.amazon.de/dp/4164830
557,https://www.amazon.fr/dp/4164830
558,https://www.amazon.de/dp/4164938
559,https://www.amazon.fr/dp/4164938
560,https://www.amazon.de/dp/000416508X
561,https://www.amazon.fr/dp/000416508X
562,https://www.amazon.de/dp/000416511X
563,https://www.amazon.fr/dp/000416511X
564,https://www.amazon.de/dp/4165829
565,https://www.amazon.fr/dp/4165829
566,https://www.amazon.de/dp/4165845
567,https://www.amazon.fr/dp/4165845
568,https://www.amazon.de/dp/4166345
569,https://www.amazon.fr/dp/4166345
570,https://www.amazon.fr/dp/4166523
571,https://www.amazon.it/dp/4166523
572,https://www.amazon.de/dp/4167082
573,https://www.amazon.fr/dp/4167082
574,https://www.amazon.de/dp/4167384
575,https://www.amazon.fr/dp/4167384
576,https://www.amazon.de/dp/4167465
577,https://www.amazon.fr/dp/4167465
578,https://www.amazon.de/dp/4167848
579,https://www.amazon.fr/dp/4167848
580,https://www.amazon.fr/dp/000416816X
581,https://www.amazon.it/dp/000416816X
582,https://www.amazon.de/dp/4168240
583,https://www.amazon.fr/dp/4168240
584,https://www.amazon.de/dp/4168275
585,https://www.amazon.fr/dp/4168275
586,https://www.amazon.de/dp/4168615
587,https://www.amazon.fr/dp/4168615
588,https://www.amazon.de/dp/4168631
589,https://www.amazon.fr/dp/4168631
590,https://www.amazon.de/dp/4169115
591,https://www.amazon.fr/dp/4169115
592,https://www.amazon.de/dp/4169573
593,https://www.amazon.fr/dp/4169573
594,https://www.amazon.fr/dp/4169646
595,https://www.amazon.it/dp/4169646
596,https://www.amazon.de/dp/4169662
597,https://www.amazon.fr/dp/4169662
598,https://www.amazon.fr/dp/4169751
599,https://www.amazon.it/dp/4169751
600,https://www.amazon.de/dp/000416976X
601,https://www.amazon.fr/dp/000416976X
602,https://www.amazon.de/dp/4169786
603,https://www.amazon.fr/dp/4169786
604,https://www.amazon.fr/dp/4169859
605,https://www.amazon.it/dp/4169859
606,https://www.amazon.de/dp/4170342
607,https://www.amazon.fr/dp/4170342
608,https://www.amazon.de/dp/4171055
609,https://www.amazon.fr/dp/4171055
610,https://www.amazon.de/dp/4171128
611,https://www.amazon.fr/dp/4171128
612,https://www.amazon.de/dp/4171187
613,https://www.amazon.fr/dp/4171187
614,https://www.amazon.de/dp/4171195
615,https://www.amazon.fr/dp/4171195
616,https://www.amazon.de/dp/4171330
617,https://www.amazon.fr/dp/4171330
618,https://www.amazon.de/dp/000417156X
619,https://www.amazon.fr/dp/000417156X
620,https://www.amazon.de/dp/4171578
621,https://www.amazon.fr/dp/4171578
622,https://www.amazon.de/dp/4171608
623,https://www.amazon.fr/dp/4171608
624,https://www.amazon.de/dp/4171675
625,https://www.amazon.fr/dp/4171675
626,https://www.amazon.de/dp/4171683
627,https://www.amazon.fr/dp/4171683
628,https://www.amazon.de/dp/4171691
629,https://www.amazon.fr/dp/4171691
630,https://www.amazon.de/dp/4171713
631,https://www.amazon.fr/dp/4171713
632,https://www.amazon.de/dp/000417173X
633,https://www.amazon.fr/dp/000417173X
634,https://www.amazon.de/dp/4171780
635,https://www.amazon.fr/dp/4171780
636,https://www.amazon.de/dp/4171802
637,https://www.amazon.fr/dp/4171802
638,https://www.amazon.de/dp/4171853
639,https://www.amazon.fr/dp/4171853
640,https://www.amazon.de/dp/4171985
641,https://www.amazon.fr/dp/4171985
642,https://www.amazon.de/dp/4172019
643,https://www.amazon.fr/dp/4172019
644,https://www.amazon.de/dp/4172043
645,https://www.amazon.fr/dp/4172043
646,https://www.amazon.de/dp/000417206X
647,https://www.amazon.fr/dp/000417206X
648,https://www.amazon.de/dp/4172078
649,https://www.amazon.fr/dp/4172078
650,https://www.amazon.de/dp/4172175
651,https://www.amazon.fr/dp/4172175
652,https://www.amazon.de/dp/4172191
653,https://www.amazon.fr/dp/4172191
654,https://www.amazon.de/dp/4172256
655,https://www.amazon.fr/dp/4172256
656,https://www.amazon.de/dp/4172264
657,https://www.amazon.fr/dp/4172264
658,https://www.amazon.de/dp/4172302
659,https://www.amazon.fr/dp/4172302
660,https://www.amazon.de/dp/4172353
661,https://www.amazon.fr/dp/4172353
662,https://www.amazon.de/dp/000417237X
663,https://www.amazon.fr/dp/000417237X
664,https://www.amazon.de/dp/4172396
665,https://www.amazon.fr/dp/4172396
666,https://www.amazon.de/dp/000417240X
667,https://www.amazon.fr/dp/000417240X
668,https://www.amazon.de/dp/4172426
669,https://www.amazon.fr/dp/4172426
670,https://www.amazon.de/dp/4172442
671,https://www.amazon.fr/dp/4172442
672,https://www.amazon.de/dp/4172469
673,https://www.amazon.fr/dp/4172469
674,https://www.amazon.de/dp/4172507
675,https://www.amazon.fr/dp/4172507
676,https://www.amazon.de/dp/4172515
677,https://www.amazon.fr/dp/4172515
678,https://www.amazon.de/dp/4172558
679,https://www.amazon.fr/dp/4172558
680,https://www.amazon.de/dp/4172566
681,https://www.amazon.fr/dp/4172566
682,https://www.amazon.de/dp/4172612
683,https://www.amazon.fr/dp/4172612
684,https://www.amazon.de/dp/4172620
685,https://www.amazon.fr/dp/4172620
686,https://www.amazon.de/dp/4172655
687,https://www.amazon.fr/dp/4172655
688,https://www.amazon.de/dp/4172671
689,https://www.amazon.fr/dp/4172671
690,https://www.amazon.de/dp/000417268X
691,https://www.amazon.fr/dp/000417268X
692,https://www.amazon.de/dp/4172698
693,https://www.amazon.fr/dp/4172698
694,https://www.amazon.de/dp/4172701
695,https://www.amazon.fr/dp/4172701
696,https://www.amazon.de/dp/000417271X
697,https://www.amazon.fr/dp/000417271X
698,https://www.amazon.de/dp/4172736
699,https://www.amazon.fr/dp/4172736
700,https://www.amazon.de/dp/4172744
701,https://www.amazon.fr/dp/4172744
702,https://www.amazon.de/dp/4172833
703,https://www.amazon.fr/dp/4172833
704,https://www.amazon.de/dp/4172841
705,https://www.amazon.fr/dp/4172841
706,https://www.amazon.de/dp/4172884
707,https://www.amazon.fr/dp/4172884
708,https://www.amazon.de/dp/4172906
709,https://www.amazon.fr/dp/4172906
710,https://www.amazon.de/dp/4172922
711,https://www.amazon.fr/dp/4172922
712,https://www.amazon.de/dp/4172930
713,https://www.amazon.fr/dp/4172930
714,https://www.amazon.de/dp/4172957
715,https://www.amazon.fr/dp/4172957
716,https://www.amazon.de/dp/4172973
717,https://www.amazon.fr/dp/4172973
718,https://www.amazon.de/dp/4173082
719,https://www.amazon.fr/dp/4173082
720,https://www.amazon.de/dp/4173090
721,https://www.amazon.fr/dp/4173090
722,https://www.amazon.de/dp/4173120
723,https://www.amazon.fr/dp/4173120
724,https://www.amazon.de/dp/4173163
725,https://www.amazon.fr/dp/4173163
726,https://www.amazon.de/dp/000417318X
727,https://www.amazon.fr/dp/000417318X
728,https://www.amazon.de/dp/4173198
729,https://www.amazon.fr/dp/4173198
730,https://www.amazon.de/dp/4173201
731,https://www.amazon.fr/dp/4173201
732,https://www.amazon.de/dp/4173228
733,https://www.amazon.fr/dp/4173228
734,https://www.amazon.de/dp/4173252
735,https://www.amazon.fr/dp/4173252
736,https://www.amazon.de/dp/4173295
737,https://www.amazon.fr/dp/4173295
738,https://www.amazon.de/dp/4173309
739,https://www.amazon.fr/dp/4173309
740,https://www.amazon.de/dp/4173325
741,https://www.amazon.fr/dp/4173325
742,https://www.amazon.de/dp/4173333
743,https://www.amazon.fr/dp/4173333
744,https://www.amazon.de/dp/000417335X
745,https://www.amazon.fr/dp/000417335X
746,https://www.amazon.de/dp/4173376
747,https://www.amazon.fr/dp/4173376
748,https://www.amazon.de/dp/4173384
749,https://www.amazon.fr/dp/4173384
750,https://www.amazon.de/dp/4173406
751,https://www.amazon.fr/dp/4173406
752,https://www.amazon.de/dp/4173430
753,https://www.amazon.fr/dp/4173430
754,https://www.amazon.de/dp/4173473
755,https://www.amazon.fr/dp/4173473
756,https://www.amazon.de/dp/4173538
757,https://www.amazon.fr/dp/4173538
758,https://www.amazon.de/dp/4173589
759,https://www.amazon.fr/dp/4173589
760,https://www.amazon.de/dp/4173643
761,https://www.amazon.fr/dp/4173643
762,https://www.amazon.de/dp/4173899
763,https://www.amazon.fr/dp/4173899
764,https://www.amazon.de/dp/4174194
765,https://www.amazon.fr/dp/4174194
766,https://www.amazon.de/dp/4174348
767,https://www.amazon.fr/dp/4174348
768,https://www.amazon.de/dp/4174380
769,https://www.amazon.fr/dp/4174380
770,https://www.amazon.it/dp/4174380
771,https://www.amazon.fr/dp/4174399
772,https://www.amazon.it/dp/4174399
773,https://www.amazon.de/dp/4174453
774,https://www.amazon.fr/dp/4174453
775,https://www.amazon.fr/dp/4174496
776,https://www.amazon.it/dp/4174496
777,https://www.amazon.de/dp/4174518
778,https://www.amazon.fr/dp/4174518
779,https://www.amazon.de/dp/4174542
780,https://www.amazon.fr/dp/4174542
781,https://www.amazon.de/dp/4174933
782,https://www.amazon.fr/dp/4174933
783,https://www.amazon.de/dp/4175360
784,https://www.amazon.fr/dp/4175360
785,https://www.amazon.de/dp/4175387
786,https://www.amazon.fr/dp/4175387
787,https://www.amazon.de/dp/4175522
788,https://www.amazon.fr/dp/4175522
789,https://www.amazon.de/dp/4175778
790,https://www.amazon.fr/dp/4175778
791,https://www.amazon.de/dp/4175794
792,https://www.amazon.fr/dp/4175794
793,https://www.amazon.de/dp/4175816
794,https://www.amazon.fr/dp/4175816
795,https://www.amazon.de/dp/4175972
796,https://www.amazon.fr/dp/4175972
797,https://www.amazon.de/dp/4176170
798,https://www.amazon.fr/dp/4176170
799,https://www.amazon.de/dp/4176324
800,https://www.amazon.fr/dp/4176324
801,https://www.amazon.fr/dp/4176367
802,https://www.amazon.it/dp/4176367
803,https://www.amazon.fr/dp/4176421
804,https://www.amazon.it/dp/4176421
805,https://www.amazon.de/dp/4176448
806,https://www.amazon.fr/dp/4176448
807,https://www.amazon.de/dp/4176731
808,https://www.amazon.fr/dp/4176731
809,https://www.amazon.de/dp/4176839
810,https://www.amazon.fr/dp/4176839
811,https://www.amazon.de/dp/4176847
812,https://www.amazon.fr/dp/4176847
813,https://www.amazon.de/dp/4176960
814,https://www.amazon.fr/dp/4176960
815,https://www.amazon.de/dp/4176995
816,https://www.amazon.fr/dp/4176995
817,https://www.amazon.de/dp/4177118
818,https://www.amazon.fr/dp/4177118
819,https://www.amazon.de/dp/4177134
820,https://www.amazon.fr/dp/4177134
821,https://www.amazon.de/dp/4177347
822,https://www.amazon.fr/dp/4177347
823,https://www.amazon.fr/dp/4177371
824,https://www.amazon.it/dp/4177371
825,https://www.amazon.fr/dp/4177649
826,https://www.amazon.it/dp/4177649
827,https://www.amazon.de/dp/4177940
828,https://www.amazon.fr/dp/4177940
829,https://www.amazon.de/dp/4177967
830,https://www.amazon.fr/dp/4177967
831,https://www.amazon.de/dp/4177975
832,https://www.amazon.fr/dp/4177975
833,https://www.amazon.de/dp/4178033
834,https://www.amazon.fr/dp/4178033
835,https://www.amazon.de/dp/000417805X
836,https://www.amazon.fr/dp/000417805X
837,https://www.amazon.de/dp/4178084
838,https://www.amazon.fr/dp/4178084
839,https://www.amazon.de/dp/4178459
840,https://www.amazon.fr/dp/4178459
841,https://www.amazon.de/dp/4178491
842,https://www.amazon.fr/dp/4178491
843,https://www.amazon.de/dp/4178564
844,https://www.amazon.fr/dp/4178564
845,https://www.amazon.de/dp/4178645
846,https://www.amazon.fr/dp/4178645
847,https://www.amazon.de/dp/000417870X
848,https://www.amazon.fr/dp/000417870X
849,https://www.amazon.de/dp/4178750
850,https://www.amazon.fr/dp/4178750
851,https://www.amazon.de/dp/4179943
852,https://www.amazon.fr/dp/4179943
853,https://www.amazon.fr/dp/4180542
854,https://www.amazon.it/dp/4180542
855,https://www.amazon.de/dp/4182154
856,https://www.amazon.de/dp/4182170
857,https://www.amazon.fr/dp/4182170
858,https://www.amazon.de/dp/4182197
859,https://www.amazon.fr/dp/4182197
860,https://www.amazon.de/dp/4182510
861,https://www.amazon.fr/dp/4182510
862,https://www.amazon.de/dp/4182634
863,https://www.amazon.fr/dp/4182634
864,https://www.amazon.de/dp/4183614
865,https://www.amazon.fr/dp/4183614
866,https://www.amazon.de/dp/4184289
867,https://www.amazon.fr/dp/4184289
868,https://www.amazon.de/dp/4184866
869,https://www.amazon.fr/dp/4184866
870,https://www.amazon.de/dp/4200101
871,https://www.amazon.fr/dp/4200101
872,https://www.amazon.de/dp/4200128
873,https://www.amazon.fr/dp/4200128
874,https://www.amazon.de/dp/4200624
875,https://www.amazon.fr/dp/4200624
876,https://www.amazon.it/dp/4200624
877,https://www.amazon.de/dp/4200675
878,https://www.amazon.fr/dp/4200675
879,https://www.amazon.de/dp/4200756
880,https://www.amazon.fr/dp/4200756
881,https://www.amazon.de/dp/4200764
882,https://www.amazon.fr/dp/4200764
883,https://www.amazon.de/dp/4201183
884,https://www.amazon.fr/dp/4201183
885,https://www.amazon.fr/dp/4201604
886,https://www.amazon.it/dp/4201604
887,https://www.amazon.de/dp/4201612
888,https://www.amazon.fr/dp/4201612
889,https://www.amazon.de/dp/4202406
890,https://www.amazon.fr/dp/4202406
891,https://www.amazon.de/dp/4206827
892,https://www.amazon.fr/dp/4206827
893,https://www.amazon.de/dp/4207181
894,https://www.amazon.fr/dp/4207181
895,https://www.amazon.de/dp/000420736X
896,https://www.amazon.fr/dp/000420736X
897,https://www.amazon.de/dp/4208625
898,https://www.amazon.fr/dp/4208625
899,https://www.amazon.de/dp/4209508
900,https://www.amazon.fr/dp/4209508
901,https://www.amazon.de/dp/4209656
902,https://www.amazon.fr/dp/4209656
903,https://www.amazon.de/dp/4210778
904,https://www.amazon.fr/dp/4210778
905,https://www.amazon.de/dp/4211170
906,https://www.amazon.fr/dp/4211170
907,https://www.amazon.de/dp/4211308
908,https://www.amazon.fr/dp/4211308
909,https://www.amazon.de/dp/4211421
910,https://www.amazon.fr/dp/4211421
911,https://www.amazon.de/dp/000421143X
912,https://www.amazon.fr/dp/000421143X
913,https://www.amazon.de/dp/4211472
914,https://www.amazon.fr/dp/4211472
915,https://www.amazon.de/dp/4211596
916,https://www.amazon.fr/dp/4211596
917,https://www.amazon.de/dp/4211618
918,https://www.amazon.fr/dp/4211618
919,https://www.amazon.de/dp/4211634
920,https://www.amazon.fr/dp/4211634
921,https://www.amazon.de/dp/4211650
922,https://www.amazon.fr/dp/4211650
923,https://www.amazon.de/dp/4211669
924,https://www.amazon.fr/dp/4211669
925,https://www.amazon.de/dp/4211715
926,https://www.amazon.fr/dp/4211715
927,https://www.amazon.de/dp/4211723
928,https://www.amazon.fr/dp/4211723
929,https://www.amazon.de/dp/4211782
930,https://www.amazon.fr/dp/4211782
931,https://www.amazon.de/dp/4211812
932,https://www.amazon.fr/dp/4211812
933,https://www.amazon.de/dp/4211855
934,https://www.amazon.fr/dp/4211855
935,https://www.amazon.de/dp/4211863
936,https://www.amazon.fr/dp/4211863
937,https://www.amazon.de/dp/4212029
938,https://www.amazon.fr/dp/4212029
939,https://www.amazon.de/dp/4480007
940,https://www.amazon.fr/dp/4480007
941,https://www.amazon.de/dp/4480422
942,https://www.amazon.fr/dp/4480422
943,https://www.amazon.fr/dp/4480570
944,https://www.amazon.it/dp/4480570
945,https://www.amazon.de/dp/4481127
946,https://www.amazon.fr/dp/4481127
947,https://www.amazon.de/dp/4481429
948,https://www.amazon.fr/dp/4481429
949,https://www.amazon.de/dp/4482093
950,https://www.amazon.fr/dp/4482093
951,https://www.amazon.fr/dp/4482174
952,https://www.amazon.it/dp/4482174
953,https://www.amazon.fr/dp/4482190
954,https://www.amazon.it/dp/4482190
955,https://www.amazon.fr/dp/4482204
956,https://www.amazon.it/dp/4482204
957,https://www.amazon.de/dp/4484029
958,https://www.amazon.fr/dp/4484029
959,https://www.amazon.de/dp/4484320
960,https://www.amazon.fr/dp/4484320
961,https://www.amazon.de/dp/4484339
962,https://www.amazon.fr/dp/4484339
963,https://www.amazon.de/dp/4484347
964,https://www.amazon.fr/dp/4484347
965,https://www.amazon.fr/dp/4484355
966,https://www.amazon.it/dp/4484355
967,https://www.amazon.de/dp/4484428
968,https://www.amazon.fr/dp/4484428
969,https://www.amazon.de/dp/4484436
970,https://www.amazon.fr/dp/4484436
971,https://www.amazon.fr/dp/4484479
972,https://www.amazon.it/dp/4484479
973,https://www.amazon.de/dp/4484568
974,https://www.amazon.fr/dp/4484568
975,https://www.amazon.de/dp/4484576
976,https://www.amazon.fr/dp/4484576
977,https://www.amazon.de/dp/4484584
978,https://www.amazon.fr/dp/4484584
979,https://www.amazon.fr/dp/4484592
980,https://www.amazon.it/dp/4484592
981,https://www.amazon.de/dp/4484606
982,https://www.amazon.fr/dp/4484606
983,https://www.amazon.de/dp/4484622
984,https://www.amazon.fr/dp/4484622
985,https://www.amazon.de/dp/4484649
986,https://www.amazon.fr/dp/4484649
987,https://www.amazon.de/dp/4484657
988,https://www.amazon.fr/dp/4484657
989,https://www.amazon.de/dp/4484665
990,https://www.amazon.fr/dp/4484665
991,https://www.amazon.de/dp/4484681
992,https://www.amazon.fr/dp/4484681
993,https://www.amazon.de/dp/4484894
994,https://www.amazon.fr/dp/4484894
995,https://www.amazon.de/dp/4484924
996,https://www.amazon.fr/dp/4484924
997,https://www.amazon.de/dp/4485742
998,https://www.amazon.fr/dp/4485742
999,https://www.amazon.de/dp/4486072
1000,https://www.amazon.fr/dp/4486072
